{
    "mean_absolute_error": 39.4,
    "mean_relative_error": 0.08758170305285021,
    "mean_accuracy_ratio": 0.9137827614357572,
    "smallest_value": 2,
    "largest_value": 217723,
    "mean": 48917.0,
    "mean_absolute_deviation": 45077.5625,
    "standard_deviation": 55582.69890892309,
    "maximum_deviation": 168806.0,
    "variance": 3089436418.0
}