{
    "mean_absolute_error": 28002.027777777777,
    "mean_relative_error": 1.3120702419252852,
    "mean_accuracy_ratio": 0.8676257974808409,
    "smallest_value": 110306,
    "largest_value": 144152,
    "mean": 113691.0,
    "mean_absolute_deviation": 6092.2,
    "standard_deviation": 10153.66668745828,
    "maximum_deviation": 30461.0,
    "variance": 103096947.2
}