{
    "mean_absolute_error": 16062.235294117647,
    "mean_relative_error": 2.884784987444083,
    "mean_accuracy_ratio": 2.0612555756793776,
    "smallest_value": 121890,
    "largest_value": 121890,
    "mean": 121890.0,
    "mean_absolute_deviation": 0.0,
    "standard_deviation": 0.0,
    "maximum_deviation": 0.0,
    "variance": 0.0
}