{
    "mean_absolute_error": 23993.71111111111,
    "mean_relative_error": 1.2988500946966124,
    "mean_accuracy_ratio": 0.8766278724743901,
    "smallest_value": 139483,
    "largest_value": 217268,
    "mean": 145467.38461538462,
    "mean_absolute_deviation": 11046.248520710067,
    "standard_deviation": 20727.052336122928,
    "maximum_deviation": 71800.61538461538,
    "variance": 429610698.544379
}