{
    "mean_absolute_error": 211.62962962962962,
    "mean_relative_error": 0.36724028193217956,
    "mean_accuracy_ratio": 0.6327597180678205,
    "smallest_value": 1,
    "largest_value": 8570,
    "mean": 2412.8,
    "mean_absolute_deviation": 1879.2160000000006,
    "standard_deviation": 2232.544933478384,
    "maximum_deviation": 6157.2,
    "variance": 4984256.880000001,
    "precision": 1.0,
    "recall": 0.9259259259259259
}