{
    "mean_absolute_error": 6332.192307692308,
    "mean_relative_error": 0.34596113632594455,
    "mean_accuracy_ratio": 0.6540388636740555,
    "smallest_value": 1,
    "largest_value": 268152,
    "mean": 92408.38095238095,
    "mean_absolute_deviation": 60471.02947845807,
    "standard_deviation": 69987.73092510823,
    "maximum_deviation": 175743.61904761905,
    "variance": 4898282480.045351,
    "precision": 1.0,
    "recall": 0.8076923076923077
}