{
    "mean_absolute_error": 1097.3461538461538,
    "mean_relative_error": 0.02863285165793935,
    "mean_accuracy_ratio": 0.9974644228332855,
    "smallest_value": 864,
    "largest_value": 265152,
    "mean": 80866.46153846153,
    "mean_absolute_deviation": 58072.99408284023,
    "standard_deviation": 66479.77172113842,
    "maximum_deviation": 184285.53846153847,
    "variance": 4419560048.094674,
    "precision": 1.0,
    "recall": 1.0
}