{
    "mean_absolute_error": 434.2857142857143,
    "mean_relative_error": 0.31076411491045713,
    "mean_accuracy_ratio": 0.7189368831965748,
    "smallest_value": 160,
    "largest_value": 52576,
    "mean": 15160.615384615385,
    "mean_absolute_deviation": 10029.633136094668,
    "standard_deviation": 12199.667470490027,
    "maximum_deviation": 37415.38461538462,
    "variance": 148831886.39053255,
    "precision": 1.0,
    "recall": 0.7428571428571429
}