{
    "mean_absolute_error": 841.1428571428571,
    "mean_relative_error": 0.4830822723123344,
    "mean_accuracy_ratio": 0.5169177276876655,
    "smallest_value": 1,
    "largest_value": 51827,
    "mean": 15333.666666666666,
    "mean_absolute_deviation": 11028.80555555555,
    "standard_deviation": 13076.302164815388,
    "maximum_deviation": 36493.333333333336,
    "variance": 170989678.3055556,
    "precision": 1.0,
    "recall": 0.6857142857142857
}