{
    "mean_absolute_error": 6907.617647058823,
    "mean_relative_error": 0.9119475744734268,
    "mean_accuracy_ratio": 0.08828167118026634,
    "smallest_value": 25979,
    "largest_value": 67935,
    "mean": 43687.666666666664,
    "mean_absolute_deviation": 16164.888888888889,
    "standard_deviation": 17741.516382642032,
    "maximum_deviation": 24247.333333333336,
    "variance": 314761403.5555556,
    "precision": 1.0,
    "recall": 1.0
}