{
    "mean_absolute_error": 7307.535714285715,
    "mean_relative_error": 0.8929376318487082,
    "mean_accuracy_ratio": 0.10715223755161651,
    "smallest_value": 29028,
    "largest_value": 36126,
    "mean": 32296.666666666668,
    "mean_absolute_deviation": 2552.888888888889,
    "standard_deviation": 2924.740596284661,
    "maximum_deviation": 3829.333333333332,
    "variance": 8554107.555555554,
    "precision": 1.0,
    "recall": 1.0
}