{
    "mean_absolute_error": 2407.8571428571427,
    "mean_relative_error": 0.6432304759734874,
    "mean_accuracy_ratio": 0.3569514174393487,
    "smallest_value": 14190,
    "largest_value": 36126,
    "mean": 23414.9,
    "mean_absolute_deviation": 6589.7,
    "standard_deviation": 7322.866876435758,
    "maximum_deviation": 12711.099999999999,
    "variance": 53624379.29,
    "precision": 1.0,
    "recall": 1.0
}