{
    "mean_absolute_error": 17070.577777777777,
    "mean_relative_error": 0.8889802436705952,
    "mean_accuracy_ratio": 0.11114533584187924,
    "smallest_value": 97912,
    "largest_value": 217207,
    "mean": 125454.2,
    "mean_absolute_deviation": 36701.119999999995,
    "standard_deviation": 46033.01158690359,
    "maximum_deviation": 91752.8,
    "variance": 2119038155.7600002,
    "precision": 1.0,
    "recall": 1.0
}