{
    "mean_absolute_error": 22873.342857142856,
    "mean_relative_error": 0.8572433000563424,
    "mean_accuracy_ratio": 0.14280604071349845,
    "smallest_value": 99573,
    "largest_value": 217606,
    "mean": 153058.8,
    "mean_absolute_deviation": 37852.159999999996,
    "standard_deviation": 42217.607821381825,
    "maximum_deviation": 64547.20000000001,
    "variance": 1782326410.1599998,
    "precision": 1.0,
    "recall": 1.0
}