{
    "mean_absolute_error": 22094.833333333332,
    "mean_relative_error": 0.9166823226861575,
    "mean_accuracy_ratio": 0.08332692680974502,
    "smallest_value": 79078,
    "largest_value": 144176,
    "mean": 102565.66666666667,
    "mean_absolute_deviation": 27740.222222222223,
    "standard_deviation": 29504.35771580568,
    "maximum_deviation": 41610.33333333333,
    "variance": 870507124.2222222,
    "precision": 1.0,
    "recall": 1.0
}