{
    "mean_absolute_error": 8416.888888888889,
    "mean_relative_error": 0.7224355891870978,
    "mean_accuracy_ratio": 0.27780409440849535,
    "smallest_value": 52767,
    "largest_value": 144176,
    "mean": 80068.5,
    "mean_absolute_deviation": 13696.4,
    "standard_deviation": 23525.74777663826,
    "maximum_deviation": 64107.5,
    "variance": 553460808.45,
    "precision": 1.0,
    "recall": 1.0
}