{
    "mean_absolute_error": 21465.0,
    "mean_relative_error": 0.9334028081889122,
    "mean_accuracy_ratio": 0.06671031005640718,
    "smallest_value": 103148,
    "largest_value": 217207,
    "mean": 143155.33333333334,
    "mean_absolute_deviation": 49367.77777777778,
    "standard_deviation": 52418.993658999425,
    "maximum_deviation": 74051.66666666666,
    "variance": 2747750896.222222,
    "precision": 1.0,
    "recall": 1.0
}