{
    "mean_absolute_error": 15339.361111111111,
    "mean_relative_error": 0.9167330672971943,
    "mean_accuracy_ratio": 0.08336141928905144,
    "smallest_value": 58506,
    "largest_value": 76796,
    "mean": 65970.66666666667,
    "mean_absolute_deviation": 7216.8888888888905,
    "standard_deviation": 7835.882648999338,
    "maximum_deviation": 10825.333333333328,
    "variance": 61401056.88888889,
    "precision": 1.0,
    "recall": 1.0
}