{
    "mean_absolute_error": 49310.416666666664,
    "mean_relative_error": 1.6466309760161795,
    "mean_accuracy_ratio": 0.8132976426828462,
    "smallest_value": 367687,
    "largest_value": 367689,
    "mean": 367688.0,
    "mean_absolute_deviation": 0.6666666666666666,
    "standard_deviation": 0.816496580927726,
    "maximum_deviation": 1.0,
    "variance": 0.6666666666666666,
    "precision": 0.3333333333333333,
    "recall": 0.3333333333333333
}