{
    "mean_absolute_error": 650.4222222222222,
    "mean_relative_error": 0.3294158811511624,
    "mean_accuracy_ratio": 0.9481152226426894,
    "smallest_value": 32,
    "largest_value": 218496,
    "mean": 36344.42105263158,
    "mean_absolute_deviation": 37309.16343490308,
    "standard_deviation": 47396.539210008494,
    "maximum_deviation": 182151.57894736843,
    "variance": 2246431929.0858727,
    "precision": 0.9736842105263158,
    "recall": 0.8444444444444444,
    "results": {
        "E": 218496,
        "S": 106176,
        "A": 102912,
        "R": 99744,
        "T": 97856,
        "N": 97504,
        "I": 95712,
        "U": 87808,
        "O": 79072,
        "L": 63328,
        "D": 49344,
        "C": 45536,
        "P": 37280,
        "M": 36928,
        "V": 25856,
        "É": 21216,
        "Q": 19840,
        "H": 16352,
        "G": 14528,
        "F": 14464,
        "B": 11424,
        "J": 8128,
        "À": 7456,
        "X": 5024,
        "È": 4576,
        "Y": 2784,
        "Z": 2656,
        "Ê": 2624,
        "Â": 1536,
        "Î": 1472,
        "Ô": 1024,
        "Ç": 896,
        "Û": 640,
        "Ù": 608,
        "Ï": 160,
        "Ñ": 64,
        "Æ": 32,
        "Ë": 32
    },
    "exact_results": {
        "E": 217268,
        "S": 108834,
        "A": 103179,
        "T": 99865,
        "R": 97981,
        "I": 97628,
        "N": 96984,
        "U": 89319,
        "O": 78759,
        "L": 67265,
        "D": 49814,
        "C": 47473,
        "P": 39193,
        "M": 37603,
        "V": 26424,
        "É": 22495,
        "Q": 19318,
        "H": 16003,
        "F": 14104,
        "G": 13364,
        "B": 12202,
        "J": 8281,
        "À": 8060,
        "X": 5342,
        "È": 4120,
        "Y": 2437,
        "Z": 2386,
        "Ê": 2300,
        "Â": 1704,
        "Î": 1540,
        "Ô": 1008,
        "Ç": 795,
        "Ù": 730,
        "Û": 708,
        "Ï": 166,
        "Ë": 74,
        "Ñ": 65,
        "Á": 13,
        "Ó": 11,
        "K": 6,
        "Æ": 5,
        "W": 4,
        "Ü": 3,
        "Í": 3,
        "º": 1
    }
}