{
    "mean_absolute_error": 2779.5882352941176,
    "mean_relative_error": 0.7064184460745897,
    "mean_accuracy_ratio": 0.29402057470593645,
    "smallest_value": 12864,
    "largest_value": 67935,
    "mean": 27157.4,
    "mean_absolute_deviation": 10153.84,
    "standard_deviation": 15026.104832590514,
    "maximum_deviation": 40777.6,
    "variance": 225783826.44,
    "precision": 1.0,
    "recall": 1.0
}