{
    "mean_absolute_error": 7836.694444444444,
    "mean_relative_error": 0.7224278952903743,
    "mean_accuracy_ratio": 0.27778423741089914,
    "smallest_value": 32054,
    "largest_value": 76796,
    "mean": 46816.4,
    "mean_absolute_deviation": 12144.079999999998,
    "standard_deviation": 14243.741735934416,
    "maximum_deviation": 29979.6,
    "variance": 202884178.63999996,
    "precision": 1.0,
    "recall": 1.0
}