{
    "mean_absolute_error": 10791.057142857142,
    "mean_relative_error": 0.7145006546337943,
    "mean_accuracy_ratio": 0.28561777765418805,
    "smallest_value": 74984,
    "largest_value": 217606,
    "mean": 118839.8,
    "mean_absolute_deviation": 38072.35999999999,
    "standard_deviation": 45815.230231441594,
    "maximum_deviation": 98766.2,
    "variance": 2099035321.1599998,
    "precision": 1.0,
    "recall": 1.0
}