{
    "mean_absolute_error": 46027.066666666666,
    "mean_relative_error": 1.6606133203236337,
    "mean_accuracy_ratio": 0.9717244314347451,
    "smallest_value": 278967,
    "largest_value": 278968,
    "mean": 278967.28571428574,
    "mean_absolute_deviation": 0.40816326531681363,
    "standard_deviation": 0.4517539514526256,
    "maximum_deviation": 0.7142857142607681,
    "variance": 0.2040816326530612,
    "precision": 0.42857142857142855,
    "recall": 0.42857142857142855
}