{
    "quixote_hun.txt": {
        "exact_counter": 0.09312388899979851,
        "fixed_probability_counter": 0.10510658236798917,
        "lossy_counting": {
            "3": 0.49728201100060687,
            "5": 0.47296045400071307,
            "10": 0.39603668699965056
        }
    },
    "quixote_es.txt": {
        "exact_counter": 0.1508130109996273,
        "fixed_probability_counter": 0.21578838230998917,
        "lossy_counting": {
            "3": 1.1535849920001056,
            "5": 1.0860679839997829,
            "10": 0.7808040600002641
        }
    },
    "quixote_du.txt": {
        "exact_counter": 0.03391178600031708,
        "fixed_probability_counter": 0.04650352859399572,
        "lossy_counting": {
            "3": 0.24020435900001758,
            "5": 0.2198992610001369,
            "10": 0.18645761200059496
        }
    },
    "quixote_en.txt": {
        "exact_counter": 0.11213428500013833,
        "fixed_probability_counter": 0.1386538883060075,
        "lossy_counting": {
            "3": 0.712126389000332,
            "5": 0.668429761999505,
            "10": 0.5602199960003418
        }
    },
    "quixote_fi.txt": {
        "exact_counter": 0.030467429000054835,
        "fixed_probability_counter": 0.036851563686006554,
        "lossy_counting": {
            "3": 0.19691031199999998,
            "5": 0.17412389900073322,
            "10": 0.14389696900070703
        }
    },
    "quixote_fr.txt": {
        "exact_counter": 0.1315237420003541,
        "fixed_probability_counter": 0.17154738150998128,
        "lossy_counting": {
            "3": 0.9526555789998383,
            "5": 0.8304673720003848,
            "10": 0.6873493920002147
        }
    }
}